peptide,binding_TCR,label
GLCTLVAML,CASSSTGGGEKDQPQHF,1
IVTDFSVIK,CASSSTGGGEKDQPQHF,1
RTMEVCYNT,CAIRQFDANTGELFF,1
KVKEVCPNV,CASSIIAGSSYNEQFF,1
KVKEVCPNV,CASSVLNTGELFF,1
AEMEFCPCC,CASRGQNTGELFF,1
NMINFAPNI,CASRGQNTGELFF,1
RTLNAWVKV,CASSSTGGGEKDQPQHF,1
LLDFVRFMGV,CASSSTGGGEKDQPQHF,1
KLLEIAPNC,CAIRQFDANTGELFF,1
RTMEVCYNT,CASSVLNTGELFF,1
EIQEFCPNT,CASSIIAGSSYNEQFF,1
EIQEFCPNT,CASRGQNTGELFF,1
THLMVLCCV,CASSVLNTGELFF,1
KMVTVCPNT,CASSIIAGSSYNEQFF,1
KMVTVCPNT,CAIRQFDANTGELFF,1
NDMLVCANI,CASRGQNTGELFF,1
NDMLVCANI,CAIRQFDANTGELFF,1
NMINFAPNI,CASSIIAGSSYNEQFF,1
NMINFAPNI,CASRGQNTGELFF,1
LVLEVDPNI,CASSIIAGSSYNEQFF,1
LVLEVDPNI,CASRGQNTGELFF,1
LVLEVDPNI,CASSVLNTGELFF,1
KLGGALQAK,CASSSTGGGEKDQPQHF,1
GCQEICPAC,CAIRQFDANTGELFF,1
KVKEVCPNV,CAIRQFDANTGELFF,1
AEMEFCPCC,CASRGQNTGELFF,1
EIQEFCPNT,CASRGQNTGELFF,1
THLMVLCCV,CASSVLNTGELFF,1
NMIHFAPNV,CAIRQFDANTGELFF,1
KMVTVCPNT,CASRGQNTGELFF,1
KMVTVCPNT,CASSVLNTGELFF,1
KMVTVCPNT,CAIRQFDANTGELFF,1
NMINFAPNI,CASSIIAGSSYNEQFF,1
LVLEVDPNI,CAIRQFDANTGELFF,1
GLCTLVAML,CASSSTGGGEKDQPQHF,1
GCQEICPAC,CASSVLNTGELFF,1
RTMEVCYNT,CASSIIAGSSYNEQFF,1
EIQEFCPNT,CASSIIAGSSYNEQFF,1
EIQEFCPNT,CASRGQNTGELFF,1
EIQEFCPNT,CAIRQFDANTGELFF,1
CFLLILPNC,CASSVLNTGELFF,1
THLMVLCCV,CASRGQNTGELFF,1
NDMLVCANI,CASSVLNTGELFF,1
NMINFAPNI,CASSVLNTGELFF,1
RLRAEAQVK,CASSSTGGGEKDQPQHF,1
LLDFVRFMGV,CASSSTGGGEKDQPQHF,1
GCQEICPAC,CASSIIAGSSYNEQFF,1
GCQEICPAC,CASRGQNTGELFF,1
GCQEICPAC,CAIRQFDANTGELFF,1
AEMEFCPCC,CASRGQNTGELFF,1
CFLLILPNC,CASSVLNTGELFF,1
NMIHFAPNV,CASSVLNTGELFF,1
EIQEFCPNT,CASSIIAGSSYNEQFF,1
AVFDRKSDAK,CASSSTGGGEKDQPQHF,1
RTMEVCYNT,CAIRQFDANTGELFF,1
KLGGALQAK,CASSSTGGGEKDQPQHF,1
CFVECAPVC,CASRGQNTGELFF,1
KLLEIAPNC,CAIRQFDANTGELFF,1
THLMVLCCV,CASSVLNTGELFF,1
KMVTVCPNT,CASSIIAGSSYNEQFF,1
LVLEVDPNI,CASSIIAGSSYNEQFF,1
LVLEVDPNI,CASSVLNTGELFF,1
